,Job Title,Salary Estimate,Job Description,Rating,Company Name,Location,Headquarters,Size,Founded,Type of ownership,Industry,Sector,Revenue
0,Data Scientist - Medicare Advantage Generalist,-1,"A bit about us:

We’re on a mission to change healthcare — how it’s paid for, delivered, experienced. We want to put people center stage, not process or profit. We are guided by a deep belief that every person on Medicare should be treated like we would treat a member of our own family: with loving care and a profound commitment to their health and well-being.

That’s why we’re gathering a whole bunch of smart, big-hearted people to create a new kind of healthcare company — one that combines compassion, health insurance, clinical care, and technology seamlessly.

We want to throw the long ball with people we love for a cause we believe in. Life is short. Join us.


A bit about this role:

We are looking for a data scientist who can serve as a liaison to our Operational teams to answer important and timely questions about the health of the business. We are looking for someone who has broad experience in Medicare Advantage analytics functions — e.g. Finance, Risk Adjustment, Stars, Pharmacy — and deep experience in at least one area. This role will report into our Data Science team, and will work alongside Product Managers, Software Engineers, and Business Leads to solve key challenges for the company.
Responsibilities will include:
Working closely with key business stakeholders to understand the analytical needs of the business and providing insight in a rapid, iterative, and collaborative process
Developing thoughtful reports and dashboards that help Operations teams improve their business decision-making
Identifying patterns in the analyses you conduct, and using those patterns to improve our tools and processes so we can deliver results more quickly and accurately
Sharing your domain knowledge with technical team-members who do not have an MA background
Communicating results to an audience of mixed technical backgrounds
Desired skills and experience:
Ability to work in a fast-paced startup environment
2+ years of technical work at a Medicare Advantage plan or service provider
Experience collaborating effectively with stakeholders
Experience with SQL
Experience with dashboarding and creating reports
Bonus: In-depth experience with Risk Adjustment
If you love running towards complex challenges and transforming them into solutions, if you want to make a potentially huge impact on many lives, and if you are looking for a disruptive startup with an inspiring and talented team, Devoted Health may be the place for you!

Devoted is an equal opportunity employer. We are committed to a safe and supportive work environment in which all employees have the opportunity to participate and contribute to the success of the business. We value diversity and collaboration. Individuals are respected for their skills, experience, and unique perspectives. This commitment is embodied in Devoted’s Code of Conduct, our company values and the way we do business.

As an Equal Opportunity Employer, the Company does not discriminate on the basis of race, color, religion, sex, pregnancy status, marital status, national origin, disability, age, sexual orientation, veteran status, genetic information, gender identity, gender expression, or any other factor prohibited by law. Our management team is dedicated to this policy with respect to recruitment, hiring, placement, promotion, transfer, training, compensation, benefits, employee activities and general treatment during employment.",4.3,"Devoted Health
4.3",Remote,-1,201 to 500 Employees,2017,Company - Private,Health Care Services & Hospitals,Health Care,Unknown / Non-Applicable
1,Data Scientist 1,"$57K-$94K
(Glassdoor est.)","At NGL, we strive to make data-driven decisions for our internal and external customers. We endeavor to utilize advanced analytic tools and processes to help NGL use data as an asset. To help advance us even further, we’re searching for a Data Scientist to join our team. The ideal candidate will be responsible for performing complex analyses, creating advanced visualizations, applying advanced predictive analytics and machine learning techniques, and structuring data in an optimal format for NGL.

Perform advanced analytics using predictive modeling, machine learning, and other advanced techniques.
Builds large and complex information sets using both unstructured and structured data.
Provides detailed insights to others on issues.
Use data driven insights to recommend opportunities for growth, competitiveness, and profitability.
Builds creative visualizations that tell a story.
Effectively communicate results of advanced analytics to both technical and non- technical audiences.
Recommend and develop new metrics to advance decision making.
Provides leadership, coaching, and/or mentoring to others.
Share ownership of the solution deployment, testing, quality, monitoring, and operational excellence with the rest of the agile team
Participate in regular team and stakeholder meetings
Continually develop skill sets and abilities to keep them relevant, current, and applicable to NGL's current and future needs.
Follow data science development life cycle and quality assurance best practices and governance
Perform other duties and responsibilities as needed

Critical thinking, analytical, and problem solving skills; strong technical and non-technical communication (verbal, written, listening) and interpersonal skills; highly detail oriented; ability to work independently and in a team; excellent time and priority management; proven abilities to take initiative and be innovative; working knowledge of Scrum
Required Proficiencies:
Ability to lead multiple projects while providing effective input and briefing senior leaders.
Strong problem-solving abilities.
Ability and willingness to learn and extend skills and mentor others.
Strong oral and written communication skills.
Experience in statistical modeling, machine learning, and other advanced techniques.
Experience building structured and unstructured data sets together.
Experience creating visualizations in Tableau, PowerBI, or other similar BI tool.",3.2,"National Guardian Life Insurance Company
3.2","Madison, WI",-1,201 to 500 Employees,1909,Company - Private,Insurance Carriers,Insurance,$500 million to $1 billion (USD)
2,HCM Data Analyst,"$55K-$94K
(Glassdoor est.)","Any qualified individual with a disability who is having difficulty in completing an application because of incompatible technology or other disability-related application issues may contact us at the following phone number for assistance: 251-445-1932.

Austal shall abide by the requirements of 41 CFR §§ 60-1.4(a), 60-300.5(a) and 60-741.5(a). These regulations prohibit discrimination against qualified individuals based on their status as protected veterans or individuals with disabilities, and prohibit discrimination against all individuals based on their race, color, religion, sex, sexual orientation, gender identity, or national origin. Moreover, these regulations require that covered prime contractors and subcontractors take affirmative action to employ and advance in employment individuals without regard to race, color, religion, sex, sexual orientation, gender identity, national origin, protected veteran status or disability. Austal’s commitment to equal employment opportunity applies at all levels of employment, in all job titles, including the executive level, and to all employment actions, including but not limited to decisions concerning recruitment, hiring, training, and promotion.

REPORTS TO: HCM Coordinator

SUPERVISES: N/A

AUTHORITIES / RESPONSIBILITIES:

The HCM data analyst plays a crucial role in collecting, structuring, analyzing, and reporting on HR processes and data. Supports business with key HR insights reporting (manning levels, hires; retention, turnover), talent metrics (promotion reporting; learning and development tracking; performance management insights), benefits reporting (billing invoices, participation census) as well as ad hoc reporting and data analysis as needed.

Job Description

Utilizes Workday systems and analytical tools to develop, analyze and interpret HR workforce data.
Partners with stakeholders across business units to build and implement reporting and analytic solutions that provide leaders with information necessary to achieve business goals and objectives.
Develop and maintain standardized dashboards and other related metrics reports for organization-wide and HR department evaluation.
Maintains common HR data repository
Monitors effectiveness of reporting and analytics products to ensure optimal value to the business, modifying or operationalizing new metrics and dashboard products as needed.
Creates scheduled reports and respond to ad-hoc queries from senior management and other areas of the company.
Leverages data extraction tools and approaches to perform complex data analysis and formulate new meaningful insights.
Reviews new reporting requests to be sure the request is consistent with HR systems and data strategies.
Creates, maintains, and ensures quality assurance of human resources data sets, reports, and metrics.
Recommends process and system improvements, follow up on recommendations.
Assist in the identification of data integrity problems and recommend solutions.
Other special projects, as needed.
Other duties as assigned;

QUALIFICATIONS / KNOWLEDGE / EXPERIENCE:

Bachelors degree or equivalent.
3-5 Business Analyst experience documenting Business Requirements and conducting data analysis.
Workday experience preferred in one or more modules: HCM, Benefits, Talent/Performance, Security, or Advanced Compensation.
Strong written and verbal communication skills to effectively communicate processes and procedures with managers and employees.
Highly developed ability to provide clear, concise verbal and written explanations for complex concepts so that others see the value add in recommendations and solutions.
Strong computer proficiency and technical aptitude to utilize MSOffice. Expert-level proficiency in Microsoft Excel (PowerPoint a plus).
Strong process orientation, analytical and problem-solving skills
Excellent service orientation skill set, ability to build strong relationships with fellow HR team members.
Must work with a sense of urgency and have the ability to handle confidential information in a professional manner. Can handle demands from multiple customers and has the ability to prioritize.
Ability to work collaboratively with multiple teams/organizations with attention to detail and strong organizational skills.
Flexible and has the capability to deliver results in a fast-paced, and high volume environment.

TOOLS: Not applicable

DIRECTION EXERCISED: Works within established guidelines. Works autonomously and escalates issues to HCM Coordinator as appropriate.

DISCRETION EXERCISED: A degree of creativity and latitude is expected. Relies on experience and judgment to plan and accomplish goals.

LIAISES WITH:

Employees, Department Managers, HR / Benefit Staff, Finance staff and external consultants as assigned.

ADDITIONAL GUIDELINES:

The ability to obtain and maintain a DoD clearance may be required if deemed necessary in the scope of your position responsibilities.
Candidates must meet the following employment eligibility guidelines to be eligible for employment with Austal USA:
18 years or older at time of application
Able to provide proof of US Person status (permanent resident or citizen)
No felony convictions of theft/deception or violent crimes within seven years from disposition date
No felony convictions of drug crimes within three years from disposition date
Willing to submit to a drug screen
Willing to submit to a background check",3.2,"Austal USA
3.2","Mobile, AL",-1,1001 to 5000 Employees,1988,Company - Public,Industrial Manufacturing,Manufacturing,$1 to $2 billion (USD)
3,R&D Scientist,"$31K-$72K
(Glassdoor est.)","Our Research and Development department is on the forefront of product development and innovation. It is easy to be dedicated when you’re a part of something much bigger than yourself. We’ve got an insatiable appetite for making a difference. The ideal R&D Dairy and/or Dairy Alternative Scientist candidate will have an integral role in leading the product development of our next wave product innovations, while also lending technical support to our growing base business. We are looking for a candidate with a strong food science foundation, and a demonstrated expertise in product innovation, to help Chobani advance its’ mission of making healthy and delicious plant-based foods.

The responsibilities of this position include:
Execute research and development plans and strategies for product development in support of company objectives
Design and execute experiments based on project objectives, excellent record keeping, data collection and analysis and preparing project summaries
Plan and carry out development work in lab and pilot scale; design, develop, and lead tests to qualify new products and to support changes to existing products
Conduct analytical measurements like, pH, viscosity, density, able to design and execute shelf life studies, brix, total solids etc.
Manage technical development projects focusing on product development, process, and product care to help Chobani improve and launch more innovative food and beverage products
Lead and document development projects all the way from conceptualization to commercialization – this includes budget and target within certain time constraints
Communicate project requirements and recommendations as well as status to internal customers and external stake holders
Lead, assist, and work directly with plant processing and production personnel to ensure trial runs and start-up operations are properly performed
The requirements of this position include:
Minimum B.S. Food Science or related degree. Advanced degree strongly preferred
2-7 years of food industry experience required, dairy and/or non-dairy is preferred
Extensive ingredient (stabilizers & fortification), flavor development, and product stability knowledge
Background in process and product development and commercialization of food processes is required. Dairy or Dairy Alternative processing would be a big bonus. Proven track record of leading product development projects including timeline development / management, testing / trials, operational launch and scale
Familiarity with basic research tools and statistical analysis
Comfortable with ambiguity and are energized by the process of building something from the ground up
Innate curiosity for understanding complex food systems from a physical and chemical perspective
Maintain clean & safe manufacturing environment within all facilities
Excellent written and verbal communication
Must be a self-starter able to work in a fast-paced environment and handle multiple projects/tasks at any given time
Willingness to travel (10-20%)
About Us:

Since our founding over 10 years ago, we’ve always been a different kind of company. After moving to New York from his native Turkey, our CEO Hamdi Ulukaya found that in America, yogurt just wasn’t as delicious or widely available as it was back home. He thought everyone deserved better options, so he set about making delicious, nutritious, natural, and accessible Greek Yogurt right here in the U.S.

Our mission since day one has been to provide better food to more people. And now as the No. 1-selling Greek Yogurt brand in America that is expanding beyond yogurt, we believe every food maker has a responsibility to provide people with better options, which is why we’re so proud of the way our food is made.

Our food philosophy of crafting quality products with simple ingredients is what sets Chobani apart. Our belief that business done right has the ability to change lives and strengthen communities is what sets our company apart. From the way we source our ingredients to how we treat our employees, Chobani strives to make universal wellness happen sooner with everything we do. Certified as a Great Place to Work®, our culture is built on shared passion, dedication, and a commitment to doing what is right. Together, the Chobani family has created something unlike what any company has done before. The possibilities are endless.

Chobani is an equal opportunity employer. Chobani will not discriminate against any applicant for employment on any basis including, but not limited to: race, color, religion, sex, sexual orientation, gender identity, national origin, age, disability, military and/or veteran status, marital status, predisposing genetic characteristics and genetic information, or any other classification protected by federal, state and local laws.",4.3,"Chobani
4.3","Twin Falls, ID",-1,1001 to 5000 Employees,2005,Company - Private,Food & Beverage Manufacturing,Manufacturing,$1 to $2 billion (USD)
4,Research Scientist - Plant Transformation,-1,"Living Carbon is a pre-launch public benefit corporation with a mission to fight climate change by enhancing CO2 capture and storage in trees. We believe that gigaton scale CO2 drawdown will only happen if solutions are both environmentally beneficial and profitable to landowners. We’re working with some of the largest timber companies in the US and well-known reforestation projects to develop a proof of concept. We’re backed by some of the most prominent investors in Silicon Valley including, YCombinator, Sam Altman, and Chris Sacca of LowerCarbon Capital.

If you believe that climate change is the defining global emergency of the century and want to join an ambitious project that’s working on a biological solution, we’d love to hear from you.
Your role: *
We’re looking for someone who’s excited to be part of a mission-driven early stage company. As our Plant Transformation Research Scientist, you’ll play an essential role in developing innovative tree tissue culture and transformation methodologies. A successful candidate will have experience with agriculture biotechnology with focuses on plant tissue culture and transformation technologies. You’ll also have the opportunity to contribute to the company’s strategic goals and think creatively about how to move quickly and solve problems.
Responsibilities: *
Design and carry out plant tissue culture and transformation projects
Conduct literature survey, implement/develop advanced tree transformation protocols
Establish standard work flows and author assay protocols, SOPs, work instructions and other documents as needed
Collaborate closely with other biologists while also independently performing all duties in the laboratory required for individual project
Keep a detailed record of experimental data. Summarize project progress in written reports and present during team meetings.
May train and oversee the work of lab technicians, providing ongoing coaching, guidance and feedback to ensure technicians are successful in their work, as well as have the necessary and timely access to information and other resources.
Contribute to development of project plans and long-range goals of the team
Regular and clear communication of research progress and results to leadership.
Use creative and problem solving skills to overcome issues or problems that may arise when following a protocol.
Required Skills & Experience*
Previous experience with wood species and/or crop plant agrobacterium-mediated transformation, biolistics/particle bombardment plant transformation
Previous experience with syringe infiltration and/or vacuum infiltration transient transformation
Comfortable working independently in a fast paced environment
MS with typically 2+ years of relevant experience or Ph.D. in Plant Biology or related fields with 0-3 years of experience
Demonstrated ability to plan experiments, analyze data sets, interpret results, trouble-shoot experiments, prepare reports, and present results
Creative in the design, performance and interpretation of experiments with strong problem-solving skills using a hypothesis-based approach
Experience with sterile plant tissue culture; prepare tissue culture media; and controlled environment/greenhouse experience with a proven track record of success and hands-on experience in plant transformation
Are organized, detail-oriented, methodical, thorough and can handle multiple tasks at once
Possess excellent written and verbal communication skills.
Previous work in a technology startup, biological science startup or other life sciences industry organization
Previous experience optimizing transformation protocols and and troubleshooting problems
Preferred experience with building out an efficient transformation pipeline for commercial events
Familiar with systems for data tracking such as LIMS
Living Carbon PBC offers competitive compensation, and generous healthcare, dental and vision insurance.

_Living Carbon PBC is an equal opportunity employer. _

_We believe the best solutions to climate change are created by diverse teams. Living Carbon is focused on building a multicultural and inclusive team with strong representation from the many diverse communities disproportionately impacted by climate change. As a public benefit corporation, ensuring solutions to slow climate change are widely distributed to all peoples is critical to the success of our mission. _

Job Type: Full-time

Benefits:
Dental insurance
Flexible schedule
Health insurance
Paid time off
Parental leave
Relocation assistance
Vision insurance
Schedule:
Monday to Friday
Work authorization:
United States (Required)
Work Remotely:
No",3.9,"Living Carbon
3.9","San Francisco, CA",-1,1 to 50 Employees,-1,Other Organization,-1,-1,Less than $1 million (USD)
5,"Data Scientist - Statistics, Early Career","$68K-$111K
(Glassdoor est.)","*Organization and Job ID**
Job ID: 310918

Directorate: National Security Directorate

Division: Computing & Analytics

Group: Applied Statistics & Computational Modeling
*Job Description**
This position is for a Scientist in Data Science and Applied or Mathematical Statistics who will provide scientific and technical research within the National Security Directorate (NSD) supporting the data analytics capabilities of the Computational Analytics Division. The Scientist will develop and apply fundamental mathematical or statistical theory to advance analytic solutions in various scientific domains. The Scientist must be able to draw from a strong statistical background, in areas including experimental design, advanced statistical modeling (e.g. mixed linear models, nonparametric models, etc.), machine learning, and computer simulations, to recognize patterns, characterize uncertainty, and develop predictive models using structured and unstructured data. The Scientist will produce solutions driven by domain science and mathematical statistical science from complex and high-dimensional datasets and design, develop, and evaluate advanced algorithms that lead to optimal value extraction from data. In addition to technical research this position expects participation and career development in task management, proposal writing, business development, and publishing.

Operating on the data-information-knowledge continuum, staff at PNNL employ diverse methods to confront significant problems of national interest from distilling distributed data into knowledge that supports decision processes to enabling resilient technologies that enhance computing at extreme scales. Our research portfolio spanning from basic to applied includes statistical modeling and experimental design, applied statistics, applied mathematics, machine learning, operations research, optimization, and other advanced statistical and mathematical domains.

Computing researchers and practitioners work side by side to apply advanced theories, methods, algorithms, models, evaluation tools and testbeds, and computational-based solutions to address complex scientific challenges affecting energy, biological sciences, the environment, and national security. Core domain knowledge is beneficial, such as in the nuclear, biological, energy, materials, or chemical science spaces.
*The hiring level will be determined based on the education, experience, and skill set of the successful candidate based on the following:**
*Level II** : Leads specific tasks of the project to meet scope, schedule and budget. Expected to contribute professionally, building a professional reputation for technical expertise. Fully applying and interpreting standard theories, principles, methods, tools and technologies. Contributes technical content to proposals and develops business through excellent project performance.
*Level III:** Manages small to moderate projects and/or major project tasks. Integrates intellectual and technical capabilities of work teams. Enhances technical/professional skills of junior staff through active mentoring and training. Generates ideas for new proposals and participates in business development activities
*Minimum Qualifications**
+ BS/BA with 2 years of experience, MS/MA with 0 years of experience, or PhD with 0 years of experience
*Preferred Qualifications**
+ BS/BA with 5 years of experience, MS/MA with 3 years of experience, or PhD with 1 year of experience, focused in statistics with experience involving increasing levels of scientific research, task management, and programmatic responsibility

+ Position requires ability to apply theories and develop technical approaches with minimal oversight

+ Position requires the ability to effectively team with scientists and engineers to develop creative solutions to complex problems
*Equal Employment Opportunity**
Battelle Memorial Institute (BMI) at Pacific Northwest National Laboratory (PNNL) is an Affirmative Action/Equal Opportunity Employer and supports diversity in the workplace. All employment decisions are made without regard to race, color, religion, sex, national origin, age, disability, veteran status, marital or family status, sexual orientation, gender identity, or genetic information. All BMI staff must be able to demonstrate the legal right to work in the United States. BMI is an E-Verify employer. Learn more at jobs.pnnl.gov.
*_Please be aware that the Department of Energy (DOE) prohibits DOE employees and contractors from participation in certain foreign government talent recruitment programs. If you are offered a position at PNNL and are currently a participant in a foreign government talent recruitment program you will be required to disclose this information before your first day of employment._**
*Other Information**
Due to business needs and client space, US Citizenship is required:

The Pacific Northwest National Laboratory is subject to the Department of Energy Unclassified Foreign Visits & Assignment Program site, information, technologies, and equipment access requirements.

_Directorate:_ _National Security_

_Job Category:_ _Scientists/Scientific Support_

_Group:_ _Appld Stats & Comp Modeling_

_Opening Date:_ _2020-06-03_

_Closing Date:_ _2020-09-18_",3.8,"PNNL
3.8","Seattle, WA",-1,1001 to 5000 Employees,1965,Government,Energy,"Oil, Gas, Energy & Utilities",$500 million to $1 billion (USD)
6,Lead Business Data Analyst,"$53K-$97K
(Glassdoor est.)","Discover. A brighter future.

With Discover, you’ll have the chance to make a difference at one of the world’s leading digital banking and payments companies. From Day 1, you’ll do meaningful work you’re passionate about, with the support and resources you need for success. We value what makes each employee unique and provide a collaborative, team-based culture that gives everyone an opportunity to shine. Be the reason millions of people find a brighter financial future, while building the future you want, here at Discover.

Job Description

Do you want to be on the forefront of the next BIG thing in advancing the analytic technology landscape? Are you driven by the thought of being involved at the ground level of an enterprise wide transformation? Do you enjoy solving complex business problems in a fast paced, collaborative environment?

Discover Financial Services is seeking a bright, driven, and talented individual to join a team of passionate and innovative technologists.

We’re looking for a well-rounded individual who’s not afraid to roll their sleeves up. We use some exciting tools and technologies – ideally you’ll know some, but we want you to be excited about what we’re doing.

In this role, you will be a contributing member to a team that works on an idea from conception to implementation with next generation technologies. This is a varied role that will require analyzing business and user needs, documenting data requirements and translating them into system requirement specifications.

Responsibilities

Be the bridge between Data Scientist, Model Development and Data Engineering to enable model and strategy development against enterprise data assets.
Analyze data across multiple platforms to provide insights and recommendations to support enterprise data assets principles.
Gathers data application requirements from Data Scientists and other operational teams to ensure that the business needs will be met.
Designs transformation logic in source to targets to be implemented by partner Data Engineers.
Partners with the Data Scientists and Data Engineers throughout the development and testing processes by ensuring that the team understands the parameters and needs of the project.
Understand at a fundamental level our data ingestion and processing frameworks.
Enhances, optimizes, and automates existing processes through analysis and provides functional specifications.
Translates new business requirements into functional specifications and provides them to technology teams.
Partner with business and technology teams to develop data applications. Identify business data ingestion and processing frameworks. Coordinates and obtains data application requirements from the business. Translates business requirements to development teams. Assist with development and testing processes. Coordinate data application and model deployments and validations.
Assists with the development of models, analytic processes, and reports. Provides guidance on the development of data consumption processes
Ensures data governance policies are followed by implementing and validating data lineage, quality checks, classification, etc.
Implements quality control procedures and validates production data. Provides technical consulting on data systems. Identifies and analyzes production data issues and proposes solutions.
Analyses and designs business systems including: diagnosing business needs and related requirement specifications, system development planning, creation and implementation of a test plans, and on-going project oversight. Compares implemented solutions against original specifications and makes necessary adjustments.
Provides support for deployed data applications and analytical models. Identifies data problems and guides issue resolutions.
Provides data and technical consulting during data application design. Provide technical consulting on data composition and data engineering.

Minimum Qualifications

At a minimum, here’s what we need from you:

Bachelor's Degree in Information Technology
4+ years of experience in Data analysis, business analysis, data application programming, ETL development, next generation databases, or related
In Lieu of Education 6+ years of experience in Data analysis, business analysis, data application programming, ETL development, next generation databases, or related

Preferred Qualifications

If we had our say, we’d also look for:

Experience with Project Management, Scrum Master
Experience with variety of databases e.g. Teradata, Oracle, Snowflake
Experience with data warehouses, marts, business intelligence reports and operational systems
3+ years ad hoc SQL experience researching data
Strong communication skills – ability to talk effectively to business users, data scientists and engineers
Candidate to have critical & analytical thinking mindset, along with certain level of understanding or experience working in a DW environment as a Business Analyst.
Candidate should be proficient in writing SQL queries to analyze data, profile data sets and able to logically connect data attributes and data assets across the Enterprise.
Candidates should possess an eye for detail, catch ambiguities in data, and work with the Data Architects to understand Functional requirements, and translate & document the details, pass them to the Data Engineers and work with them hand in hand throughout the data development life cycle.
Bonus, if the candidates are experienced with Customer, Marketing and Financial domains or have worked on Conceptual & Logical data modeling within these domains.

What are you waiting for? Apply today!

The same way we treat our employees is how we treat all applicants – with respect. Discover Financial Services is an equal opportunity employer (EEO is the law). We thrive on diversity & inclusion. You will be treated fairly throughout our recruiting process and without regard to race, color, religion, sex, sexual orientation, gender identity, national origin, disability, or veteran status in consideration for a career at Discover.",3.9,"Discover
3.9","Riverwoods, IL",-1,10000+ Employees,1985,Company - Public,Financial Transaction Processing,Finance,$5 to $10 billion (USD)
7,Data Analyst,"$55K-$70K
(Glassdoor est.)","PerBlue is looking for an aspiring Data Analyst to join our team. We’re a quickly growing independent studio whose free-to-play midcore mobile games have been played by millions people around the world, including Disney Heroes: Battle Mode. Our cross-functional and collaborative team has experience across the videogame industry. Headquartered in Madison, Wisconsin, we are also based remotely around the United States for an unmatched quality of life and work.

We’re looking for a thoughtful data wizard who can help us dig through mountains of video game data, analyze it, find actionable insights, and present them to everyone else on the team. We appreciate someone who can challenge us to think creatively in new ways about how to understand our data, while still having a commitment to delivering results.

This position is open for full-time remote work within the United States or for relocation to work in Madison.

Responsibilities

As a key addition to our BI team, you’ll be involved in the full lifecycle of our data infrastructure - everything from helping designing database schemas and writing SQL queries, to creating and presenting succinct and informative dashboards and visualizations. This highly cross-functional team member communicates and collaborates regularly with marketing, live-ops, development, product, and management teams.

Our ideal candidate is a quick learner who is detail-oriented, responsive, and truly loves making sense of large amounts of data. You should enjoy working with data and technology in a fast-paced, dynamic environment, to support collaborative team goals. You should fully support PerBlue’s commitment to diversity and inclusion in our workplace and communities of game players.

Requirements and Qualifications
1+ years experience writing analytic SQL queries (emphasis on SELECTs using JOINs, GROUP BY, window functions, etc., not so much INSERTs/UPDATEs)
Ability to effectively communicate findings and recommendations, and connect with a variety of stakeholders
Highly motivated to deliver accurate results.
Able to proactively take ownership of tasks, delivering meaningful, accurate results that add value.
Lifelong learner who is always excited to learn and try new things.
Nice-to-Have Skills and Experience
1+ years experience in data-related role
Mobile and/or free-to-play game industry experience
Postgres and/or Snowflake/Redshift cloud database querying
Tableau or other data exploration, visualization and interactive dashboarding software
Machine learning / artificial intelligence
Data modeling
Basic statistics (AB testing, confidence intervals, etc)
Programming, specifically Python
Version control systems, especially Git
Key Duties Will Include
Support and nurture a culture of honesty, trust, and collaboration via data.
Develop a strong understanding of our games, game design principles, core metrics and underlying assumptions; then work collaboratively to effectively question, test, and verify their truthfulness.
Break down questions and requests for data into smaller, actionable plans to guarantee stakeholders will get their real questions answered.
Improve existing Tableau dashboards and create new ones with a keen eye toward end user experience (ease of understanding, clarity, dashboard responsiveness, consistency, etc)
Write SQL for data exploration, quick question-answer, and for more in-depth understanding via Tableau Data Sources, statistical analysis, etc.
Do more thorough analyses when needed, including coming up with your own hypotheses, testing, revising, and ultimately providing data-driven, evidenced recommendations.
Provide summaries of actionable takeaways that are understandable to non-technical colleagues while also providing empirical evidence and thought process for stakeholders wanting deeper understanding.
Actively participate in PerBlue’s efforts to be a welcoming, inclusive and diverse workplace.
Compensation and Benefits

We offer 6+ weeks of paid vacation and health, dental, and vision insurance as well as a well-matched 401k. We also support our remote team with a catered lunch plan, snack box delivery, and a variety of other perks. You'll be part of an energetic and collaborative environment with flexible hours. We are headquartered in the vibrant neighborhood around beautiful downtown Madison.

We’ve been named a “Top Developer” by Google and given several “Best Place to Work” awards by a variety of publications.

No agencies, please. We regret that we cannot consider visa sponsorship or candidates based outside of the United States for this position at this time.",4.3,"PerBlue
4.3","Madison, WI",-1,51 to 200 Employees,2010,Company - Private,Video Games,Media,Unknown / Non-Applicable
8,Fungal Scientist,"$61K-$127K
(Glassdoor est.)","Job Description/Primary Duties and Responsibilities: *
Biotechnical Scientist to provide scientific, engineering, and analysis in Biotechnology. This area includes experimental and theoretical pursuits mainly focused in microbiology, biochemistry, molecular biology and biological materials. Support services shall include the following:
Cloning experiments including: nucleic acid handling, purification, and quantification. Further enzymatic assays such as Polymerase Chain Reaction (PCR), restriction digestion, and ligation reactions for synthetic biology projects
Growth experiments with anaerobic and aerobic microorganisms in a bioreactor or standard incubator requiring sterile technique, preparation of growth media, plates and freezer stocks and perform growth curves
Separation and analysis of metabolites from bacterial culture
Purification and characterization of microbial cell materials
Characterization of binding interactions in traditional and novel biological assays
Write reports and briefings and conduct presentations on results
Interact with OGAs, Contractors, and universities and support the development of technical packages.
_The position includes the following responsibilities: _*
Work as part of a team to help with the isolation, identification, and cultivation of fungi from environmental samples.
Evaluate a variety of filamentous fungi for potential use as platform organisms for genetic engineering/synthetic biology.
Develop genetic engineering protocols and tools for filamentous fungi.
Develop methods for high throughput culturing, assays, and genetic engineering of filamentous fungi.
Maintain detailed records of work in progress and completed.
Execute experiments, analyze data, and report on project results.
Develop and follow Standard Operating Procedures (SOPs).
Set up and maintain associated equipment.
Stay current with relevant literature.
Seek relevant opportunities to remain current on technological developments in the field.
Skills & Education Requirement: *
PhD or Master’s in molecular biology, genetics, biochemistry, microbiology, biological engineering or related field.
Experience with culturing, analysis, and genetics of filamentous fungi.
Experience with heterologous protein production and purification.
Experience developing and optimizing enzyme assays.
Microbiology and molecular biology laboratory techniques: pipetting, aseptic techniques, making media and buffer solutions, designing primers, DNA and RNA extraction and purification, PCR, gel electrophoresis, protein expression and purification.
Facility with data analysis and visualization.
Additional desired skills: *
Experience with genome editing/engineering of filamentous fungi
Bioinformatics, synthetic biology software
Flow cytometry, cell sorting
Excellent organizational skills and attention to detail.
Excellent written and oral communication skills to discuss issues and potential solutions with other groups and personnel to find answers to a new problem set.
Ability to work with a multidisciplinary team of research scientists.
MS Suite of office applications
Good attention to detail and documentation
Strong work ethic, positive attitude, self-starter, punctual and good attendance record with the desire to develop professionally
Must have or be able to obtain a secret clearance
US Citizenship required
Job Type: Full-time

Benefits:
401(k)
401(k) Matching
Dental Insurance
Disability Insurance
Flexible Schedule
Flexible Spending Account
Health Insurance
Life Insurance
Paid Time Off
Relocation Assistance
Retirement Plan
Tuition Reimbursement
Vision Insurance
Schedule:
Monday to Friday
Experience:
related: 1 year (Preferred)
Education:
Master's (Preferred)
License:
US Citizenship (Required)
Work Location:
One location
This Company Describes Its Culture as:
Detail-oriented -- quality and precision-focused
Outcome-oriented -- results-focused with strong performance culture
Team-oriented -- cooperative and collaborative
Benefit Conditions:
Only full-time employees eligible
Work Remotely:
No",2.5,"General Technical Services, LLC and Fibertek, Inc.
2.5","Aberdeen Proving Ground, MD",-1,1 to 50 Employees,1986,Company - Private,Consulting,Business Services,$10 to $25 million (USD)
9,Data Scientist/ Data Automation Engineer,"$110K-$178K
(Glassdoor est.)","JSR is a global leader in material sciences and chemical engineering committed to contributing to social good by supplying materials to serve future generations and providing new value today for our customers and society in the areas of digital solutions, life sciences, elastomers, and next generation solutions.
We value Innovation, Quality, Customers, and People!  JSR combines a deep Japanese heritage of materials innovation, with speed propelled by our strong customer partnerships with premier tech & life sciences companies.  Are you interested in taking JSR and your career to the next stage?
The Opportunity
The role of the successful candidate is to accelerate the technology and product development cycles through focused automation initiatives. This engineer will lead cross functional teams to develop tools and applications to manage data from multiple chemical manufacturing sites as well as quality and development data to enable proactive process management and system troubleshooting.
Collaborates with the Manufacturing teams and Digital Transformation Office to develop product roadmaps in the digital space.
Works closely with technology development, product design teams and IT teams to rapidly establish the data science infrastructure necessary to meet the above goals
Communication of project updates including status, needs, and risks throughout the management chain.
Establish Way-of-Working guidelines and deliver communication and training sessions to ensure seamless implementation of the automation framework.
About You
7+ years plus B.S. or 5+ years with M.S. desired
B.S. degree in Engineering, Data Science, Material Science, or equivalent. M.S. a plus
Experience in chemical processing, organic chemistry, and analytical chemistry a plus
Proficiency and experience with Solution Focused Thinking - evaluating current problem patterns and devising a workable plan/process/solution
Experience working in an Agile environment.
Excellent data analysis proficiency required. Ability to do data manipulation via basic scripting techniques, macros or programming languages (i.e., Python) is preferred.
Knowledge of chemical processes and basic chemical structures, reactions and interactions needed to tie data into current troubleshooting or experimental work.
Proficiency and experience with Statistical Process Control (SPC) needed.
Strong computer skills essential – JMP, Access, Excel, PowerPoint, database and statistical software experience highly desired.
Detail-oriented and strong organizational skills. Quick problem-solving skills, able to communicate in-depth to customers, internal and external.
Experience in working within a cross-functional team is necessary.
Here's More of What You'll Be Doing
Work safely by observing safety rules, policies and procedures. Identify unsafe conditions or actions to the immediate supervisor.
Perform analyses and report results with minimal supervision.
Identify and execute improvements to existing quality procedures for data analytics, following guidelines on accuracy and validation
Act as Product Owner for development of digital solutions that assist in more efficient and effective issue resolution.
Do deep, wide and detailed data analysis using existing across a variety of platforms (databases, LIMS, other operational flows).
Work on and resolve various issues with data sets, including standardization of values, units and naming conventions, as well as bigger problems with current calculation methods and any underlying assumptions behind the calculations.
Initiate and perform a variety of analyses and recommend statistically designed experiments to address customer issues with general instructions.
Maintain and verify reliability of calculation methods, language or programming behind current macros or other scripts for data analysis.
Create reports and group presentations using Excel, Access, JMP and PowerPoint, to communicate data to other teams – Production, Quality Control, R&D, Sales and Management.
Independently design experiments using statistical methods (Does) towards developing and optimizing new test methods for products and raw materials and facilitate the implementation of these procedures by educating and assisting other members of the Data Automation Team.
Work in a team environment, especially the cross-departmental Data Automation Team (Cleans Engineering, Quality Control, Production, Litho Engineering, Sales, Logistics and Materials).
Make suggestions to management for improving this position or improving work processes

JSR is an Equal Employment Opportunity and Affirmative Action Employer. Qualified applicants will receive consideration for employment without regard to race, color, religion, sex, sexual orientation, gender perception or identity, national origin, age, marital status, protected veteran status, or disability status.
**Recruitment agencies/Headhunter do not submit resumes/CVs through our Web site or directly to managers. JSR will not pay fees to any third-party agency or company that does not have a signed agreement with JSR. JSR do not accept unsolicited headhunter and agency resumes. **",3.8,"JSR Micro
3.8","Sunnyvale, CA",-1,51 to 200 Employees,1990,Company - Private,Electrical & Electronic Manufacturing,Manufacturing,$25 to $50 million (USD)
